500360558806568960
499446112147628032
499602989133594624
500261600579043328
500234112054341632
499369948943495168
500320616428601344
499571799764770816
500319233558192128
499584511710351361
499585144416514048
499507509171060736
499700824432717824
500353227951718401
500246996163129344
499345384024842240
498276771226451968
500293511632388097
499690351875981313
500378874656854016
499465611647275008
498472666802958336
498316475317239809
499704667195322368
500430445830365184
500176071476936704
500405384503238656
499412007573942272
500382437655207936
500396366829735936
500360308289187840
500366417674268673
500349993539358720
500070913836982272
498285556502372352
500318980007948288
499439795618480128
499671635067437056
499586890837016579
499657337985323009
499650640314777601
500364914796802048
499388619425980416
498474263255330818
500382073593405442
500251503903662082
499697037156171776
498259903962570752
499695074855624704
500183912384319489
498302603034640384
499681614549377024
499696948296028160
499439571520991232
498322865843109888
499411738467794945
499699989237747712
499349252938956800
500326873407455233
499571347375136768
498293625420148736
499445575956578304
500316380063748096
499699270883110913
500349179848560640
498271954185379840
500272350906957824
499684402616864768
499652797030088704
500347484154372097
499361252691681281
500383956362334208
500292129802186752
499362994862960640
500276114011742208
500390232756617216
499387993879511041
500308546815131648
500210207986028544
498489114384420865
499699366660423680
500395288335360001
499691702660374528
499700279412281345
499526002469797888
499705042178691072
498474035668586497
500277477986828288
500352850329751552
500288693031419904
499357077429817344
499702153909256193
498488195047096320
498264393185239040
500189389855916032
499365436816105473
500364705622671360
498497371899449344
499637476315910146
500396175753633792
498271531386953728
499700838127120386
500377192841609217
500347948635791360
498278882244853760
498452658605535232
499697848737210369
499410901033054208
500301494340419585
500328049058279424
498317308771987456
500315536937324544
498294248488574976
500072137374171136
499699107615997952
500313811195158528
498269697453084672
499704780366036992
499688532391526400
498277678706077696
500274132756738048
499690869784846336
499685593857531906
498401948585181184
500072098178813954
498463733447163905
500375737439096833
500071770192216065
499687644045918210
500231335668383744
499362949166030848
500426437392732161
499700906384842752
499432169836531712
499406854615597056
500307273659318272
499478537468792832
500073002101665792
499674902060744704
498585089828478977
499377470697926656
500316260081889282
500369693203378176
498286918011224065
500369097360953345
500315237375954944
500396427378298880
500408829696544768
499376069485821952
499604750888083456
498284302128668672
500366207552196608
500264892134207493
499361017038905344
499444325646757888
500357314722156544
500266977814790144
500315609171636225
500286170035523585
499554248292458499
498507730395484160
499698817567293440
499412821671968769
499696137708658688
500419556629041152
498292628455034882
498251940997136384
499705915227271168
499601956491374594
499589336816308227
499662307560263680
499702462865874944
500271532279877632
499662393627410432
500301870145880064
500382853147164672
499703128540061699
500384777514799104
498532911143206913
500236774103605248
499626055251271682
499402006146977792
500359897557790720
500322373359661056
498296205777326080
500306548841660416
500255282757632000
500249081286250496
500165620835840000
499481575059619840
498527404386578432
498280730070622209
498487999848800256
498269636551798784
499697652385464320
498311895716470784
499706350759206912
500072455931588611
499362480179912705
499698366402789376
499690323883589632
499678305134448641
499364522038394880
499611069565112320
500176026882678784
498283586425200640
498292732159619072
499648712596271107
498286045843435521
498301902048997377
499564237552115712
500379259698176000
499536812109742080
500282606316158976
500322285916401664
500368724579192832
498269289812856832
499349294034743297
500370188970524672
500072155166814209
500247508195749888
498265555833720832
500339591392817152
499363612260315136
498303769915191297
499490314718310400
500406581855801345
500421515678978049
500376174095511552
499698964925796352
499598115888848896
499691224169590784
499501246907432960
498298040881782785
499651344622694400
498292317296812032
499394946416529409
500070108099002368
499439550029381632
499659628645720064
499653470417199105
500420356621213696
498321666267561985
499387985096237056
499674825753772033
499514668814467072
498340530770939904
499705599454883840
498609222020780033
499698825020592129
498477676219600896
498267673789472768
500376891623079937
499690604302192640
500426667446513666
498292602861400064
500197999205965824
500382270340214784
499556227874304000
500327581514993665
499363323335680000
499655869412286464
499660656769921025
499696733979688961
500402804910206976
499401831874043905
499697498072420352
499583349267382273
500074069354905600
500409565473943553
499690032601772032
499532858399412224
499541439962185729
498263598062661633
500231484725161984
500358258654470146
500413012822745090
498274948772024321
500413956230365185
498284334806495233
499692788993511424
499635302764662784
498486850521423872
500256984768475136
499598154581303296
498504673339666432
500180625312083968
500380282097520640
498560433021026304
499703254637219841
500362679039840257
499478126570004480
498281886603411456
498355319979143168
500278978557804544
500283013541163008
498477164380299264
498495764486950912
499692589143298049
499704416937975809
498277674692149248
500269950876286976
499672226887897089
499701669437784064
499647059688173569
498512372584415232
500347379938492416
499402444267212800
499441454498852864
499386181310619649
500331134040162304
500239327004471296
499540195734065152
499674159916789760
498300128088694786
498290802255466498
500363602943942657
498590686065606657
499581469027618816
499620682502635520
499347831954870274
499694783691239424
499691593985957888
499453410744483842
498491047329402880
500386619564650496
498455001463664640
500360684253638656
499583424114728961
498302254190166016
499488337338843137
499612195756728320
500368969854103552
499467982943186944
499691814358888448
500365332351971328
499699803576881152
498318493293772800
499388398529175552
499655603405725696
500266967102914560
500353295903637504
499649230181388289
499647397278937088
500404509592387585
500318336719134720
499699435551866880
499622667142844416
498294775649665024
500180740127342592
499598945417703424
500281037486698498
500359673334493185
499657584836874240
500263561298710528
498284429333524480
499689349420568577
498305962726273024
500236187395571713
500320235841265665
498274493337702401
498281812821803008
500277311652913152
500186818374270976
499366977497214976
500212911856295940
499704658139435008
500350460122136576
499697887434248192
500329864017498114
499674991294951424
498274692873351170
499682060793937921
498235547685756928
500302383747194880
498524570593140736
498489451954573312
500399181627162624
498483279943962625
498268463639851008
498255721260400640
500257318219837440
499581876668227584
499355083734519808
499635247311781889
500355259341242370
499703794805276672
499668221767999488
500430673099104256
498499836900278272
498289596463980544
498492003903356928
499663992697417728
499553426133753857
499432557906104320
499584606878715905
499403422278619136
499702206455488513
500431179925823489
500384393362698241
499596695705894912
499691429359517696
498250100079341568
498265095559184384
499517463457849345
499554114024771584
500297243371798528
500073277273165824
499563566786433024
499568802267672576
499381321954000896
498303921430204416
500409399865651201
500277472068263937
499595283504701440
500393530960121857
500392971636719618
499649872534831104
499691638424608768
499696550541795328
500408184562257920
498285529704976385
499409692834021376
499364002318020608
499553298668859392
500275854434639872
499611719090450432
500413489882484736
499701576395919360
500252508884070400
500303864495882240
498508707244683264
499701114195808257
499695682476060673
500334308867858432
500286865963245568
500314788610985984
499383196451368960
498494758814109696
499649754822103040
500176354185187328
500270284117925888
500355828227252225
498259432237969408
498272364560257025
499657337548701696
499700861900435456
499621957747224576
499383640267423744
498487087105314816
498283233982025728
499676350064508928
498301635756838912
498285782512050176
500186504279625728
498544167757570049
498500813845966848
498300256678076417
498602798687469568
500402908740210688
499410965075886080
499613731312005121
499658267493019651
499408988422037505
499405013261635584
499669671034257408
498483031842500608
500350150695743489
500280176924557314
499519439206092800
498314939359301632
499409455814287360
500272399867068416
499703033174179840
500402449501286400
500270055540916224
500398901028196354
498473263862149120
499435341259223040
500163501961142275
498304114955419648
499362269269336064
500329800725442562
498603999252467713
499602333404504064
499590048313262080
499706059691663360
500290098647547904
498300832648273920
500286460210462720
499400566397607936
500163615555878912
499411840733282304
500385585807499266
498584409055174656
498487611963744256
499527157023277056
499453886474637312
499703369108553730
500295570393542657
500320286341099523
498531639472189441
499703651079045121
500311883669585920
498276304635322368
500249630664560640
499699052389208065
500317579060449280
499379061718659073
500363141034020865
500363097698086912
499654313870761984
499620598994444288
500429525558505473
499705545583263744
499692099005325312
500277481119956992
500279951275606017
498269365175721984
499368426931228672
499437429690888192
498294815579467777
499402643869929474
500331472277225472
499698357397237762
500221671245377537
499426471300329472
500332097064550400
500365059390836736
500292684192686080
499366152049803264
499636076852420608
499584618165567488
498286281894682624
499679986727411715
500399997113098240
499692915954704384
499345010190348288
499438052688023552
498357910603575296
500282674200604672
499704336935821314
498616975850225664
499705810076053504
499699006298419200
498291267756130305
500325111497777152
500288284195426305
500225210667122690
500318966422589440
498600617645199361
500395231305826306
499387698390790144
498272080564334592
500177556768034816
498433651835940865
499444395800682497
500277301607542785
498325055726559232
500069586063335424
499689438092726273
499660768908832771
498486539585069056
499660771857809409
498316826988642304
500070716650565632
499471162058231808
500289088285863936
499408845127819265
499608179362521088
499688832300630016
499588291335692288
499654272342953984
499345604297121792
500265950667870209
499412661176926209
500310319844298752
498283038338711552
499691501136650240
499357289363431425
498267196833808384
499667482354143232
499590929611640832
500387959468982273
498510381774819330
499362441697193985
499553513471741954
499698311306043392
499366930457710592
499576743967993856
499362348940144640
500296090671796224
500363023958409216
499360762167848960
498253652755111937
499696525808001024
499638207987089408
498264107460870144
499385227362328576
500234390723915776
500270456830562305
499569344184340480
500403838877462528
500385877684539393
500420906670256128
500328583194509315
500160181184249856
499606278910398464
498253149707464704
500171743466901505
500352655827279874
500277421506306048
500339589601431552
499619724222038016
499706065769201666
498276354434277376
498504707393220608
499389815268573187
500411513727750148
499531968229683200
500396027342376960
499704241741520897
499690835059814400
498303288295817217
498287166909579264
500315532382707712
499683602452717569
500257166478282752
499394221984714752
499642704687816706
500368204376850432
498541831052083201
498248648699150336
498492636630896640
499478732315566080
498575704582148096
499704570134941697
499427833102745600
499529014797557760
500277854341697536
499649813332639744
499405449951584256
499361965035491329
498556324868009984
498586725502173184
500314823117115393
499345023721537536
498356729634390016
499703156889362432
500322242296041473
498530946338258944
499705041238765568
500285282650832896
500393439482368000
499359735947087872
499607500187250689
500422447623966721
499519101644308480
499702088512049152
499601812005998592
499361506132508673
498286202077085696
498602787614511104
498280074941313024
498313143530303488
499706791396392960
499669445548449793
498275621651636224
500213598149672960
499361679197884416
499567797064957952
500162426998755330
499524024012386304
499448210789007360
500362044324208640
498287947301814274
500320316602974210
498466570675716096
499464258183114754
498281104865259521
500363024926900224
500308900957405185
499560002341044224
499386726414954496
499650234914713600
499700213792387073
498452664527511553
498499795192143872
499705269434085376
500328451929559041
499679142766735362
500318003024494596
499696744155062272
498255816034893824
499615655906533376
498279420885360641
499427218171248641
498497395198799872
498256407980826625
499667557247614977
499360134779637761
499424290748780546
499687274326786049
500296988077076480
498482619232055296
499698828845780993
499689757652566016
500391462073532416
498480344992350209
499397048878501888
500306837103968257
498535462349582337
500400102125879296
500312651797233665
498457205801488385
498277197581664256
499701423135678464
500314545345552384
499702134279913472
499360784666071040
498308585227431936
500264535471980544
500335927248429056
499542449753051136
500411055315910656
500274697485824000
498530293116968960
499530401136668672
500365170796158976
498530904139378688
500070699768496128
498285405142540289
500345408150065153
500335761615355906
500192488003354624
499665889198088192
500175929902395392
499575076468305923
498302874531553280
499652628825899009
499693751720501248
499472596853743618
500296369224310784
499673142114013186
499706211093471232
499602370917978112
500405877460193280
498473515302260736
500293830827331584
499689919929798657
500361647144574976
499697194325114881
499511714438971392
499346625760751616
500250935885852673
500407038800056321
500224586064343040
499484255869612034
500394005419409408
498310006169538561
499358869492367360
500254671337193474
499457882144796672
498297336968515584
500240534481666049
499381917490237440
499440386767859712
499665704300191745
499695460358311936
500366171716067328
500072334578159616
498310720350863362
499651830951841794
499363975377993729
500307863894786048
498349598197702656
499411596255719424
499705746377150464
499691556652449792
498262106937237504
498515980205948928
500362377062547457
500317687239966722
500315984910372864
500368901365317633
498318192000118784
499693808515182592
498248415223246848
499397804620386304
499375535458643968
499700209484828672
499695918547861504
499463629251837952
499678822598340608
499643185581142016
500367591773179904
499364508641808384
500239577387659265
499579650926858240
498274934553317376
498292200955195392
499406086945136640
500302577557573632
499652256288235521
499700579527299073
498529979672842241
499693137670205440
499401478235099137
498254540870017025
500360632093646848
498300897051807744
500386524416856064
499700083265269763
500416861016580096
499701408904798208
498483485133516800
500380708783665152
499673760484433921
498483784296448000
499363921661140993
500277382461530112
499699779426066432
498476761538371584
500386978467414016
499705963126202368
498512590260023296
500397058541379584
498602841335169024
499702384424022016
500380881563811840
499703127193305088
500315907567001600
499606771246567424
499455799723184130
500285962342367232
500164348963459072
500299227969646592
499705246642622465
499574200596983808
498507434693246977
498305851828879368
499605248747786240
499377813758443520
500364003734867970
499610913112989696
500279571988877312
498277231253127168
499438977774931968
498273703428620289
499592320900431872
499693411503726592
499704226294300672
499446567229603841
499695028407922689
500250188221779968
498323364197699584
499697729225105408
500427783848615936
500353815132897280
500369391339724802
499699479688544257
500288349924782080
500359377585704961
500284091305299968
500360094924931073
500217516611108864
500285732578013185
500381163866062848
500350777844457473
500358061698347008
500344846612447233
500298847550472194
500370960093302784
500309745350508545
499512318410375168
500277526590423041
500310127896199168
500281131057811456
500336373833170945
499361662743220224
500305514447003649
499642374428307457
498317138554150912
500278365031370752
500307001629745152
500341884678836224
500235112785924096
500263680026869760
500298091627823104
500254607470518272
500375545918803970
500279160795721728
500288971197263873
500285938824908801
500315291168276480
499404849835175938
500298981558063107
498463591767756800
500358907383275520
500237448798949376
500283877567770624
500382265076379649
500354853680340993
499520839860367360
500359006331092994
500357713260724224
500270780832174080
500280809652514816
500356642329071616
500332933098385408
498294367405477888
500319675797209088
500327120770301952
500306187624407040
500316005089181697
500364290545958912
500375190535421953
500375839498723328
500278485001457664
500417151346696192
500360248767840256
499655249398075392
500278858156085248
500397785246466048
500358526804316160
500288581081260032
500280422295937024
500369479482630145
500359323588239360
500283831803326464
500377145349521411
500367267901632512
500364250461003777
500258409988763649
500362083221786625
500308708988301312
500278045597368320
500359125310922753
500292202845982720
500314015609147392
500242061279637504
498506343368519680
500335355904540674
500298588992593920
500294693356175360
500283291493494784
500284494201757696
500336040440516608
498272309535191041
500358655834062848
500251535943942145
500284377490665472
500339512082698240
499612545909415938
500372391407931392
500354773133299713
500297358908071936
500284699760427009
500361302238564352
500301519854379008
500247666924986369
498254929942028288
500377191029673984
500286058664579072
499456140044824576
499579905508917248
500308705083400193
500266427840864256
500301418406744064
500309381930844160
500280477920796672
500280249629036544
500388199064420352
500287491182579712
500278169828470784
500277940253634561
500326267640905728
500285919539511296
500300813835988992
500294803402137600
500286805720449025
500339209715335169
500359356589019136
500359983301939200
500290977798836225
500287479015292928
500359508531884033
499553593041903616
500388477763325952
500347114975944705
500289307257868288
500288263320768512
500368579875704832
500308076004929537
500283314230419456
500293872162205697
500366333461422080
499431474731683841
498294764718915586
500287595403022336
500280304146612224
500378522788315137
499368931367608320
500296080710705152
500296692713783298
500291116403789824
499504676250066945
500394061887709184
500360596995731456
499648409767538688
500303431928922113
500360018928353280
500292806175236096
499530130487017472
500421926079066112
499366666300846081
500377906305327104
500287224957898752
500280847912955904
500358195408551936
500273257262886912
500309193526882306
498341675476217856
500311153583853570
500324836355608576
500300944891199488
500293392060780546
500296158476906496
500298315368390657
500284699546517505
500328758201815041
500379055594946561
498480911243948034
499565555645685760
500291013521334272
500385868041842688
500359117132017665
500354471525109760
500279189405433858
500319801344929795
500393152444772352
500378338582884352
500332042648055808
500291056445845504
499600140580044800
500378522398244865
500287857727377408
500281856559161344
500290456845299714
499381843955707904
500292426154528770
500378223977721856
500303238810574849
498280126254428160
500371149713178625
500287538578587648
500361847070269441
500364921607974913
500292917957648384
500295393301647360
500295333486657536
500321506371850240
500278944881725440
500359223557890048
500422971320963072
500322486362202112
500387844758994946
500312670260957185
500277563072475136
500320680810795009
500360978387976192
499456913902284800
500286984162525184
500359075045990401
500284871541940225
498305825341845504
500363740311982081
499368533378498560
500309222635360256
500388703114895360
500325220193153024
500347920210989057
500327106824245249
500277808883830784
500251242124173312
500361668132892673
500363831957135360
498486826269548545
500427786159681536
500287295485128704
500286059918274561
499497872564703233
500404132394459136
500383514567925760
500290464621559808
500286293688193024
500360095738626049
500289154581008384
500287313256402945
500358977046474754
499706705354448897
500275363558064128
500359312447787009
498254340310966273
500413818368184321
500371231183745025
500290867681587200
500391222075076610
500360889347096576
498498431271190528
498320854707896321
500302115458523136
500321184269881345
498430783699554305
499525020708634625
500298752469770240
499494187969298432
500279519455219712
500299904817049600
499430225043009537
499697648866045953
500375440285237248
500281094239817728
500363126294863876
500408607561629698
499407248427188224
500260514807947264
500280658665537537
500360244187635712
500294349872062464
500308574703452160
500280838710247424
500398504075071488
500277625773121536
500359088757555200
500287815734013952
500351760402493440
498345343629541376
500324234821124096
498293668655423488
500389488217309184
500343812863311872
500374427448516609
544432190281359360
544518036255150080
544494273924562944
544291853227786240
544354418938740736
544408991649251329
544341124614459393
544436172999495680
544389493273276416
544412083714928640
544309956250320897
544407393451646976
544466608450580481
544398776236904448
544396608704901120
544470708093747202
544321311250468865
544469609433563136
544323450270392322
544284526684286976
544415156659175424
544379787246981122
544397240601563137
544506678922977280
544518044643770368
544446269968908289
544444661859749890
544337283801829376
544452969702236161
544279950929321984
544483404528775168
544519298015039489
544432946841538560
544433367765110784
544338676835041280
544486142763347969
544518707825750016
544496648445890561
544451052679204864
544310166242734080
544518088117329920
544435708299972608
544487291465392128
544501464849059840
544372384690872321
544462825952133121
544447054034919424
544449632131375104
544456216907636736
544500883963518976
544403112656527360
544309113694740480
544450580367024128
544332519861022720
544317301064208384
544348695076954114
544465890218369024
544308749725626368
544421245698056194
544335202923737089
544416937178976256
544303499756855297
544308888628387840
544293716140126208
544362543997665280
544464445787750401
544484515742482432
544515215576948736
544504954334224384
544435863946416129
544376073685712896
544427753785659393
544317474498703360
544401374675341312
544455530756841474
544428082749132800
544504859290906624
544477834396577793
544442448965947392
544499381731622912
544360851646709760
544399562866053120
544293069957259264
544323086841954304
544276027644850176
544288856263360512
544428008258297856
544334612718055424
544419416578850818
544446973667860480
544301012492632064
544327278469988352
544406665223999488
544423787949600768
544342743003045888
544370072018378752
544305018439204864
544520379176599552
544313592477384704
544391471458451456
544334431830286336
544440724192628736
544382795099799553
544452299641192448
544439380329644032
544500527720325120
544483951524737024
544389506569220096
544365585417527296
544427216516698113
544363222296297473
544277607723048961
544427333969805312
544403765575839744
544436750097973250
544275733607366656
544399649025433601
544515671347200001
544337761600557056
544480905532669952
544453251068743681
544521433473634304
544365039663083521
544450560460480512
544494721872433152
544445607717261314
544506443626741762
544287902079803392
544294618758520832
544502782267752449
544472595140063232
544487579048222721
544495066258362368
544521880661950464
544426670095368192
544357935439417345
544301961638457344
544328351939186689
544497137221136384
544336585052160001
544443377643954176
544477048048082945
544301449845305344
544425492971941888
544521948924248066
544296373466562560
544290995462889472
544447757860483072
544266241511133186
544519396828672000
544476492281827328
544514988078280704
544519480018489344
544475892685099008
544463189447294976
544521260840267776
544314464569675776
544294274674593792
544416436374892544
544495240640757760
544393504768925697
544460097146331136
544517500118249472
544492465185898496
544484477930467328
544420963429797889
544383649131806722
544341255174356992
544467710923395073
544395562666037248
544492919567417344
544402012570284032
544513407400304640
544381029537312769
544494652418949120
544317494379294721
544420432099545089
544513035118075904
544463778780557312
544280650455728129
544345465311879170
544497307933474816
544401573968097280
544415616753745920
544519358090084354
544384467809230848
544308188909027328
544430900235075584
544329251487756288
544389911630340096
544467299218886656
544409532324413440
544357264333615104
544464731449196544
544400809182523392
544268900351766528
544420067774316544
544432661419155456
544510784366080000
544520795511611392
544518859290464256
544278202743402496
544512078518968320
544421653128556544
544462438310375425
544332610097676288
544482233038286848
544508313220567041
544475686740967424
544305999994421249
544284599996526592
544520888003985408
544390550497947649
544470398881259520
544453564718804992
544474153646956547
544516739178827776
544444539092488192
544415425140776961
544345939054710785
544343625069379584
544495737770618880
544359670480379905
544282393801007104
544520434767503361
544420376424353792
544506628239028224
544389639046721537
544366723067957249
544328059482939392
544390718253699072
544374569016885248
544402024524038144
544466903364673536
544310222547087361
544281012708970497
544520344976232449
544347292493705216
544391412075069440
544519849507307520
544293021995393024
544513199375384576
544465934149513216
544416818711252992
544467005655748608
544435176479027200
544463701030354944
544309893969092608
544368246271406080
544283714751328256
544520990538358784
544287332061298688
544307871853592576
544306616137293824
544308031446872065
544458445764968448
544441034948636672
544286724831318017
544384839906906113
544293739221368832
544416309266898944
544346261365600257
544439832466817024
544520121436213248
544314301067304960
544514782456729600
544351179044425729
544404072179060736
544439077756755969
544401367540834304
544450135988899840
544387390752567297
544300369765859328
544330174351679489
544279603259248640
544495359800930304
544457877688430593
544308793623207936
544436666661085184
544488899100147713
544329092100005888
544519577733173248
544286688436969472
544401577113845760
544437117963616256
544301925735202816
544512867144192000
544388092552294400
544448652886818816
544487556700598272
544402515085623296
544515546633355264
544316684736028673
544451041396531200
544443154964152320
544518803225604096
544356213837017089
544360342995099648
544427543336464384
544492614838673408
544424261163569152
544375969687953410
544505129810944001
544395804190855168
544518583112314880
544462918465503233
544391323214573568
544438653410639872
544300256981430272
544434195469045761
544497405237161984
544420375224791040
544291966536523776
544317139323473920
544393723099238400
544429942323167233
544296463027961856
544312732443348995
544411992279093248
544472800379940864
544452087468150784
544490976253726720
544482664515121153
544395613043818496
544427255439425536
544518415952539649
544474960602083328
544476597512699904
544406288231174144
544357899783655424
544353257175654400
544465862942797825
544475905926524928
544306732475105283
544286833362747392
544428943080951808
544369501857263616
544477097016578048
544446667312091136
544427461136502784
544483913830531073
544288009747566592
544499449645768706
544285213891629056
544458458527834112
544519021702311936
544298354029506560
544406832073416704
544458083129229312
544293177596067840
544494058287423489
544280929154637825
544435023282470912
544404673357021184
544476533302505472
544386515171020801
544414028752121856
544516142983684097
544323358327070720
544499780479893504
544519284740079616
544427938372792321
544321631976296449
544384680376532992
544343299138392065
544515781367582720
544443266926931968
544312065637097472
544495975083941889
544463201875025921
544398512931086336
544419788739461121
544416582256967680
544329896529760256
544464695646617600
544449039433883650
544332847050670080
544447768354639872
544309497041133568
544513510450155520
544448991518130176
544442068639416320
544301589931241472
544334623023452160
544444148234076160
544364507342979072
544295871592951808
544336408144781313
544443959662358528
544508035113439232
544393766287970304
544423869981802496
544434450918932480
544336572141694976
544410895602839552
544483003758419969
544516240572940289
544415105358643200
544330542871633920
544519083300241408
544350087020019712
544311814649942016
544389259491172353
544327577406410752
544443259804598272
544438309267578880
544511391349354496
544444021066563584
544473507594113024
544431559320014848
544484918567239681
544459726948286464
544477404342018048
544396078125039617
544506347438735361
544410079043551232
544459333983948800
544462911729455104
544477802255630336
544319667364708352
544355987608444929
544389770009276416
544409400941625344
544349773676179456
544515665319976960
544420349052342272
544341369762742272
544439521236893696
544372701285351424
544455370476109824
544313132865159169
544429514525507585
544295667112230912
544508725420380160
544413195884974080
544421207115051008
544282714237448192
544515517546254338
544337689676636161
544298334354411521
544459882075017216
544472530921480192
544319450569134081
544509652390924290
544427133398175744
544373513407062016
544499892010635264
544469768745398272
544393889113600000
544333236243947520
544440749387808768
544417680284192768
544409869990633473
544338698750664704
544505447911149569
544290967369428992
544459137674125312
544301025079730176
544299029601861632
544410907204259840
544305859904286720
544434192478519297
544503425082613761
544521788777304064
544516164333080577
544520195659014145
544330052796559360
544295960449265664
544520586576547840
544436330856329216
544331094523662337
544429185255481344
544396587192311808
544479045149130753
544301338935312384
544395106426425345
544444261027299328
544301313459101696
544419029905985536
544319905076903936
544274797640044544
544437375003131904
544376532161298432
544345074960584704
544492372088717312
544416939867529216
544319395619958784
544435685864660992
544310849784274945
544393165101613056
544275574642835456
544436279442546688
544392801836728321
544444409769512960
544282250503012352
544497191155290112
544474138287812608
544293261506928640
544323127522906112
544429350376861696
544313008642461697
544298121379852289
544314810884562946
544352649978843136
544467919003213824
544297331906973696
544298959993200640
544282015487787008
544461231549992962
544520802339917824
544308490840195072
544496062321664001
544494312206000128
544437156505067520
544394005182963712
544396816083468290
544334394912014336
544428261602623488
544288968624578560
544340943965409281
544306591235710976
544350803125735424
544301149348982784
544403564077260800
544384825332101120
544344684685189120
544401029211496449
544316978278592512
544331918506872832
544427042616254465
544442206832963584
544299916252573698
544296465619619840
544438499642847232
544404937380093952
544288302254137345
544442676410867712
544434475807936512
544410900854091776
544494408515608576
544307589245587457
544336432609775618
544294890343915520
544311959483473920
544365130138808321
544493536771854336
544478071340806146
544369653015801856
544518696463765505
544301609472122881
544305672372772865
544316046379716608
544408293192368128
544508543152304128
544306118273794048
544380441210277888
544425494763302913
544516940367413248
544284483453595648
544298507868200961
544363471660277760
544435030127161344
544426421331169280
544480936960606210
544406212461473792
544340812448804864
544337383215226880
544517721757847552
544340578528272385
544520949748752384
544514249356484608
544326782334558208
544297247567917056
544406931897479168
544392353717317632
544422134127525888
544369574842347520
544330861680664576
544520615441756162
544515174376701952
544461947882586112
544379143136497664
544410050572582912
544440498594017280
544415318345396224
544292798887784449
544471218951581696
544310691600302080
544348392944463872
544482745637158912
544328673097039873
544480083982168064
544391790615605249
544298663061643264
544494787168972800
544280391226761218
544373945206460416
544487672145018880
544444189078208512
544486187478433793
544376469279875072
544414430025371649
544283374911627264
544467822168920064
544500288183607296
544325896661114881
544503881527742464
544388259359387648
544434964985421824
544478625383608320
544426163964096513
544377326122057728
544411561205301248
544519024156360704
544308156625481728
544425457471725568
544293770926120960
544309283048144897
544430910511140865
544461661055098881
544309943533600769
544312118497914880
544369229987078145
544414686935285760
544515072203444224
544338622422335489
544515489016594432
544482559900393472
544515971637968898
544412767240085504
544403526773125120
544325938826076161
544363391641341952
544429467968339970
544418204508893184
544419162001383424
544337816298070017
544520690490417152
544437798426509312
544504889746149377
544459886365376515
544367862211952641
544465040666288129
544457904422531072
544280617160949760
544346361101963265
544519486498676736
544464812621578243
544457324211879937
544419497667751937
544333302178799617
544417650680823808
544466920880492544
544414634308939776
544389986809036800
544458558432350208
544405761925738496
544292342430449664
544468997916614656
544410806167678976
544495167836016640
544309096351268864
544415816851021824
544391946513305600
544354840042680320
544489539348471808
544518445870497793
544329431998038016
544453205682556928
544503217107648513
544499931101548544
544495155198181376
544470843997564928
544458427263512576
544512465099587584
544496602262806528
544348632980676608
544419008615702528
544299273664593920
544516478821613569
544519486167330817
544336736948473856
544378232624410624
544518128798294016
544518337498058753
544449562552045568
544401106617786370
544331022104395777
544387669766451200
544346107900207105
544394858405060608
544477019472289792
544470979842281472
544324741239037952
544406902990323712
544400801083686912
544450710926934017
544314020539289600
544468178961592321
544342204576038912
544286686142685184
544511300630753280
544326741674967042
544492053900836864
544518647881170945
544269997745242112
544351486956670976
544374313848430592
544309177859203073
544430771688439808
544391789789331456
544383230091464704
544278985249550337
544273885437652992
544294794139533313
544372177965834240
544380899639689216
544411097797644288
544377700677615616
544301296099270656
544374871812472832
544277650714677249
544321934410788865
544301900682629121
544356724871036928
544297696308518912
544288661253398528
544511151900753921
544492454016475137
544328894812549121
544284577318318080
544328324601114625
544514570367168512
544287209730236416
544277113683980288
544355924224532481
544352188210745344
544514207933542401
544483282352889857
544517624114081793
544288773023203328
544299439087550464
544310853613281281
544378515378814977
544409519380758528
544316384273248256
544272561266503681
544514569339953154
544296158206894081
544364000897945600
544289941996326912
544371668131393537
544275138712469504
544496262629036032
544285508441231361
544294639805923328
544294692456628224
544275597464444929
544512664769396736
544519166582337536
544512676643500033
544390130682068993
544400853298184194
544387886611570688
544508995361202176
544509519179816960
544509086998749186
544292146342531072
544354657385316352
544341194822520832
544385535909715968
544511693204647936
544380433014591488
544291804057960448
544291965513134080
544510402454110208
544317165965303808
544384349395628033
544287499397242880
544302448522035202
544519140552507392
544359578612559872
544388658334146561
544296671950020609
544316500002484226
544389893120856064
544383022876065792
544339368823894019
544380742076088320
544395712130449408
544289311504355328
544487535418687488
544504183341064192
544286537299787777
544519245087121408
544285712653500419
544515538383564801
544428421745741824
544511736465072128
544379489263042561
544284823041212416
544304298243653632
544373515067998208
544290611856408576
544272134764122112
544356122082410496
544514474963922944
544282355989753857
544511130249744384
544517991086710784
544300178443100160
544519694401941504
544358920869789696
544274757689307136
544511915158810624
544325779199258626
544279262547935232
544351015936331777
544383383095508992
544273220128739329
544326461952241664
544379366474403840
544355218251452416
544268732046913536
544511112654618624
544277728930062336
544424408027115520
544280217104031744
544273427075710976
544409517224898560
544283772569788416
544273563872538624
544302851158470657
544511811404705792
544352874969698305
544384041391517697
544407300329709568
544491160803106816
544350565283532800
544296007589433344
544513557912879105
544508479675711489
544333172180537344
544514883484520448
544384394337611776
544374018661687296
544407139205132288
544511199702822913
544407157077467136
544385086955589632
544307161589772290
544268637134393344
544382249178001408
544396260740845568
544516101556961280
544390017930383360
544288799711592448
544305745416581120
544351356824604673
544312876245057536
544511865729323009
544510827433558016
544307547390607361
544362279006113792
544471469527691264
544514645571420160
544462330105712640
544351832483450880
544353552177455104
544277516773380097
544338622078410752
544391063742332928
544280873806610433
544320179560525824
544300674448887809
544309275141885952
544290646010261504
544290258951892992
544271362022338560
544511783940403201
544508411178536960
544373839548145664
544269749405097984
544424775939293184
544307040932601857
544411585070911488
544372465078505472
544306719686656000
544294893146091520
544309060883845120
544521166543548416
544373504419069952
544521141335764992
544361776020586496
544302938374426624
544372545219489792
544278913883447298
544272537341812736
544321103875694593
544405871703240704
544287083343671296
544510345289924608
544305673287524353
544357563534680064
544307776135364608
544446282559799296
544292910578278400
544392718601183232
544293753130082305
544515999161393152
544351967829839873
544336537870434304
544274879055675392
544513292576641025
544379738240720896
544518841020473345
544279103864860674
544284859628523521
544443739800731648
544319832486064128
544492984880754688
544512910538838016
544349042952916993
544511558173601792
544287991959539713
544284455909998592
544329393737170944
544445364322197504
544289409294553088
544374422056882176
544372222400671744
544316576645017600
544300361360498688
544346359948910592
544377046030635008
544378468931076097
544367253857525761
544305540286148609
544343367279456256
544320992361721856
544268186292867072
544304200423723008
544277526248304640
544509140911919104
544290780991725568
544492209861836800
544291619084959744
544276998017646593
544353303468199936
544354175900196864
544296672608534528
544391176137089024
544515584931528704
544274364288364544
544356997718900736
544283387087691776
544513339544838147
544511263788003329
544516079129993216
544408496918499329
544304742743044096
544309006500888576
544516427827249153
544372257674788864
544350985142173697
544410576894427136
544377463581581314
544280739290677249
544282449388519424
544519594438696961
544288681021145090
544476808566276097
544287203728556032
544351969658564608
544512187171995649
544282127404388353
544490782183657474
544318880001560576
544282877278814208
544301235596054528
544280399044960256
544519635916169218
544513072006967297
544513524438155264
544520273718812672
544280516821024769
544384255825289216
544281689233850370
544353918315397121
544356579098001408
544316814856306688
544297827258888192
544489340584222720
544491151118860289
544278335455776769
544510219401703425
544281014768795649
544317609718865920
544298346345947136
544511773223968768
544518335019229184
544512108885725184
544334477011349505
544317438079139841
544277860555710464
544388013141143552
544373593841623040
544374563539140608
544269221564137472
544313370892324864
544503037973528577
544301455952588801
544282227035869184
544402785966772224
544512691948498944
544510450101415936
544515850963648512
544300088747884544
544511489869373440
544308531684335617
544443027570556928
544350712365207552
544352727971954690
544520042810200064
544298376851111936
544271185903484929
544508900595499009
544338575240609792
544512064694546432
544516530160300032
544324444773433348
544520654431981568
544353502689251329
544374511194632192
544370712639590400
544289880805605376
544401468875616257
544273888725577729
544400775775289344
544358564484378624
544274585697280000
544277117039837184
544285819108741120
544359422726664192
544270745744846848
544273050188148736
544391533240516608
544315472075042818
544369667096477696
544306402731507712
544376732649013248
544329204314406912
544284078330376192
544381860214603776
544515446100090881
544409432600223744
544381485591982083
544333020023754752
544271284796784640
544279945128591360
544293783702364162
544425928290750464
544377870554898432
544291829290508289
544271815044894720
544510453201006592
544296772592336896
544313043463987201
544363757493702656
544518590104621058
544493466836017154
544285245600989184
544385641975676929
544282005941530624
544380980677857280
544277336422486016
544297950134816768
544285194815942657
544403913076924417
544399927045283840
544446828654366720
544280707800264704
544355845489065984
544384662765068288
544307028815253504
544286172109758464
544277852968210432
544382740750024704
544343410849886209
544385829180035072
544329935943237632
544454229960974336
544355197435142145
544293291785596928
544518033902149632
544516514519343104
544519788752818176
544332613532811264
544401599414943744
544305463048015872
544373676842311681
544390903839088640
544381144620216320
544277817987330049
544300945820352512
544287815790755840
544296096244441089
544360928603799552
544273459199893505
544350480780914688
544513517706305536
544478708741201920
544271743331078144
544433739539812353
544273256174198785
544272155144646656
544387967037763584
544520932405284864
544514127197388801
544511560249790464
544355417900716032
544366934154678272
544288135564107776
544287796719288321
544492843499540480
544326597055369216
544384498947719169
544307417677189121
544334939374641152
544374395540881408
544367462012432384
544338731210399744
544283745939767296
544287922166726657
544512514651066368
544314234541469696
544376300417585152
544353793270243328
544332254068350978
544293694166536192
544514564407427072
544382892378714113
544301786849640448
544462912644214785
544512398628241408
544333764814323713
544351133120987136
544271069146656768
544514538797035520
544378769952505856
544366824997912576
544323933634564098
544287165912735744
544377502563459072
544274544174071809
544280923923959808
544517440332627968
544517264054423552
544517264725516288
544280397472088064
544411313779126272
544367010894086145
544511434840113152
544366894107480064
544280765111218176
544285296565948416
544302827330224128
544318036715782144
544281235271745537
544280077778055168
544351885298130945
544305913260433408
544451181754744832
544515097625108480
544279776765431809
544396563116589056
544296985910861824
544271815007145984
544358533819420672
544373694068686848
544341406094213121
544519622389956609
544469470568148992
544301624814870530
544284957766463488
544289448150986752
544317709396496384
544301453717041152
544292129972170752
544332510440595456
544274934835707905
544287425380360193
544281589749137408
544357487911395329
544516381031792642
544292670336925696
544319274072817664
544401675789033473
544340091615715329
544334554631536640
544281591833317377
544422678119981056
544350567183556608
544315187608973312
544366036498542592
544267656597995521
544511676088066048
544290752533393408
544287252306997249
544508666724876288
544391085150457856
544316904861478912
544388329094270976
544353600273518592
544302821450207233
544320939245043712
544315864397258752
544491410439667713
544361266718846977
544294402366394369
544272701108797440
552816883012239360
553590746637668352
552810805243412481
552787321561812992
553506946054369280
552797170295144449
552832996676730881
552834033600966657
553187990953295872
552810625873633280
552814916567322624
553485866346483713
553151201253294080
553227238829981698
552827848734830592
552810124776308736
552833662593400833
553200085132009475
552812951208722432
553539252374757376
553137713163943936
552848013778251777
553547637832843264
553128325217275905
553517053110657024
553537648938086403
553585838056280064
553151980928262144
553551148280729602
553113938091462656
552839936521830401
553192366098898945
553143987377561600
553169622762262529
553131713376047104
553190655011205120
553551282967830528
552826581916594178
552840905213083648
553506337121107968
552791203432103937
552832177138696192
553224215676354560
553590881371320323
552837599304622080
553099800951136256
552789443644751872
553163210715844608
552797729504886784
552784600502915072
553583867664535552
552826060455550976
552807236339507200
553174247506706432
552820331204055041
552806624046641153
552833432540430337
552807101442322432
553484619426062336
552787144373460992
552825739075022848
553159290987364352
552842140188147712
553135106609922049
553190729447919616
552808487924011008
553473629854646272
553233130275221504
552839385209917440
552829395690201088
553578250186665984
553174338380517376
552839270395035649
553532452472238080
552983966932688897
553228482927263744
553586538928676864
552984231748829184
553162589744926720
552824163841638400
553473369539366912
552825844755083265
552851710880653312
553176976698376192
553567076728963073
553160898399834112
553139058827096064
552840805678084096
552851838928953344
552840740007866368
552827133500719104
553545386082979841
553137601457426433
552814766369284097
553511977478537216
553218001181605889
553226143307161600
553192373728342016
553480900869361664
552805450350362625
553181386069143552
553196930768330753
553550030553243650
553506985413713920
553196571194851328
553121581187485696
552814130827370498
553570659805454336
552801724898226176
553591980748734464
553153731471364096
552851629624803328
552822604206460928
552837035732381696
552804301316579330
552817918220984320
553509591888441344
552817205982019584
553181902543126529
552832169496694786
553582039106990080
553143519536500738
552837610897694720
552985297307598848
553220172925132800
553589860892942337
552818309050421250
552831107985858560
553581669710831617
552817783910961152
552825512708808704
552805970536333314
553502749498036224
553197212726218752
552804198161854464
552820842544246784
553558824720666628
552980632432050177
553489837542899712
552814627399012352
553588326578417664
553478014785187840
552829217134505985
552829971631472640
553527964856352769
553567850301231106
553151749008424960
553140194606469121
552810287695659009
553126044375732224
553546967281061888
553105493255000065
553172609211596800
553543319423553537
553561762466115584
553573432554979328
553189526177579008
553209843939831809
553214597055135744
553115341338198016
552845671477153793
552835109372825601
553214358948683776
552979992603533312
553229626756329472
553108153915944961
552796619104866304
553229956830875650
553189024941481985
552822544341139458
553542093683974144
552822314157768704
552815993165467649
553568095978401793
552838287929663489
553215879979085829
553548487225532416
552848726197559296
553498106588049408
553569060882235392
553586246883475456
552842042242789377
553562348376850433
552804491821854720
552831515940634624
552826443965927425
552814566594576386
552791159232540673
553126953268834304
553210306877739008
553152448077258753
553129811850559488
553151328009351169
553590463354380288
553571432475951105
553188214522249217
553209917944131585
553149253363576832
553161912968417280
552840606074953728
553118212813246464
552804810463117312
552851189675470849
553193210269298688
553560480586166272
552844767281688577
552844023996907520
553584366803488770
552822718115373057
552812775907422209
552836167029514240
553531783992868864
553586305272389632
553555389611274240
553528503573184514
553548404102414337
553119235904643072
553151670796820480
552836985493409792
552796506642591744
552842614555545600
552808138127446016
552811533303296001
552819936343883776
553563780928770048
553578243173781505
553172900270727169
553516364879904768
552839800433410049
552805175874686977
553106334607228928
553584683892871168
552980760500916225
552818870281850881
552806077755326464
552851679905734657
552839167575883776
552849585899462659
553136053112950785
552981008518500353
552813590919778304
552812572731527168
553206304396038145
552829306439598080
553591084409184256
552813160110252032
552786299875520512
552797058990870528
553138330557108224
552981889619722241
553227856046596097
552822465047437314
553555293645590528
552814974511628289
553214939838836736
552801115516186625
553583809602801665
552824456557887488
553213740137467907
553566644006817792
553099050409807872
553174639158231041
552982263907241984
552851847581413377
553225701701066752
552833483325059072
552807013764575232
552841477819473920
552846893588709376
552787599031828480
552980714610634753
553137476135432194
552826238407294977
553135802495270913
552824462958395392
553186026811039745
552847548776742914
553152400832606208
552841583251701761
552816590463315968
553587278564823041
552827553493565441
553177321218514944
552824162969210880
553491517462315008
553512076304728064
553129117215100928
553141935482093568
552787144415404032
553551435762503681
552815332931665921
553534934447824896
553538559609942017
552984527295873024
553178273895956480
553581501422788608
552844593046097920
552837016350912512
552800223496790018
552825783337897984
552824769754976257
553503995872808961
553212702714499074
553586421626568704
552821050145513472
553099479381848064
553590273952215040
553591518619893760
553537870431268864
552834559297867778
553570916907511809
552842236883652609
552831230735962113
553118438332571648
552830599002857472
553182566564757504
552811735183552512
553207216774590464
552830850279424001
552796625467621376
553224764924243969
553151804046082048
553591526937600001
553215313807163392
553582301003931648
553168792017457154
552825257707335680
553549680538578944
553144928721973248
553566870750908418
552849797892542464
553144428584398850
552836968410021888
552797148975464448
552848653980033025
552816933851394048
553149163181838336
553569379674521600
553132534771744768
553591049541914624
553539778088816641
553148984509100032
552818301530025984
552814076167213056
553591475830009857
552845840247971842
553104721503088640
552808785329549313
552809902956367872
553158826435018752
553114307383541761
552841287670308865
553149508637708288
552850599168196608
552836913091330051
553583059761897473
552832142397296641
553540872986705920
553574709669814272
552808776492130304
552845255796461569
553198853487611907
552810276635291649
553196953480495105
552827825603219456
553148900811759617
553537460920389633
552830668607348736
553523303453696001
553192641328734208
552835339325558785
552807904597008385
552788720236376064
553229948153262081
552810166744547328
552796269069209600
552799606833430528
552819649599897601
553209912550240256
552845028130037760
552789583260577792
553185062829948928
553215383256432640
552792131447037952
553223992300285952
552815682241691648
553197181151481857
552978225094078464
553590961486696448
552848590373392384
552801028262096896
553205492458475520
552834640692912128
552822887988883457
553219651594125312
553160909208559616
553131566172737536
553149347777753088
552847370489430017
553145422097969152
552839416620658688
553585862987235328
552816010752167936
553159810179661826
552832291601674240
553492417023057920
552821659103940608
553543144172969984
552831974784905216
553539631149756416
553100996855885824
553581612588605440
553109813807575040
553214576956043264
552845711289909248
553591411602640896
553126517187047424
552826992509599744
552847959864274944
553526283033133056
552841157785694208
552842983247466497
552808242276229120
553172769819852800
552837027616804864
552832784046108672
553188225691684864
552828811344359425
552834808121163776
552820930419109888
553136237083889664
553539504146231298
552828280806850561
552821991850668032
552824126659104771
553098796108750848
553110783761338368
553174713061892097
553229177055219713
552817293969739778
553151506556653568
553168646051475456
553115176057065473
552839289919533056
553224082213601280
552979466050613248
553535642848989184
553194632520421376
552806056154644480
553133048611753984
552837655105658880
553155988917075968
552851305023414272
553110780745629696
552849316021551105
553213326277500929
553183067670843392
553581209193050112
553177465883873280
553113536625664000
553582049282768897
553170912129056770
553171841913602048
553157352091025408
552827819521085441
553175714128990208
552838171323817984
553591055833382913
553508524320653312
553501469388058626
552821030117711872
553538939454509056
553226479904231424
553145859089920000
552817759684665345
553537380209401856
553135886859534336
552847230693310466
552848653132767232
552838559393013760
553111157738057728
552811408094945280
552833197084778496
552828308744699904
553203041705664513
552815712432316417
552812475134275584
552838479844216833
552840155728736256
553496697918468096
553212338728603648
553525290908262400
552843136238899200
552821223676444672
553146494271094784
553574522972958721
553183099610095616
552841562963464195
552811319079227393
552812416485294080
552831761957523456
553583035820802048
553591548613386241
552805069956329472
553560488056225792
552810359409897472
553124783043649537
552838203078873089
552831101312303104
552978642968780800
553138598980370433
552843285468020736
553201539737976833
553132714446950400
553542282100871168
553108170726719488
553555705945288704
552814410763603968
552982635178635265
552827349667176448
553203538579701760
553544566042009600
553227258782306304
553589469849583616
553537322218553344
553129378969047043
553123958602862593
552981531023921153
553582011324329984
552825664307744769
553165538499641344
552798832359374849
552849515271958528
553570203678683136
552833393734721537
552812984343330816
553573633395015680
553172543470043136
552832721945628672
552804454773567488
553578566563426305
553175550231986177
553575302392455169
553591315515310081
553199320053592067
552834754056556544
553151691512492033
553542245966958592
553219770053443585
553120696910364673
552814983797821440
553592195786506240
553480287045554176
552983300730404864
552836516775354368
553532736187924480
553545000110538753
552797828977029120
552846544320618496
552798010196107264
552819155859431424
552802515969138688
553489907524829184
553586523338440704
553171056589279233
552827757164371968
552838074636718080
552815443959091200
552836095332081664
553552493561798656
552802714816905216
553129478008758272
553229592480481281
552841460681572352
553500932521336832
552822812281692160
553157857215262721
553491604917334016
553232137931849728
552982669840355329
553225402282692608
552791332935434242
553490358748061696
552812040926941185
553560219981459457
553126072905383936
552825459546030080
553559095798931456
553555207410700289
552978972963643392
553162815402672128
553188115033387008
553218599390040065
553558126147149825
552818334643658752
553198107278987264
553136990787342336
553533859032477696
552812623658762240
552796522904297472
552821862850637825
553589419933196288
552850092806258690
552819824007872512
552825303341740032
552845393541988352
553479401296625664
552839028350136320
553145690424344576
552807582113730560
553546551709409280
552849662991151104
552841006799159296
552837168482492416
552821810572439553
552851772658561028
553226059836297216
553147341470203906
552846625467817984
552819569103220736
552816062593761280
553125364520992768
552800222553079809
552836100814032896
553198344034865152
553540355317334016
553581227165642752
552840728116994049
553127899033640960
552829176018112513
552849865680494595
553544266526760960
553209983845023745
553182889379397632
552829481962835969
553145755079569408
552846938677059586
552821730100924417
553554032745525249
553487579077550082
552804328319504384
552830433688571904
553152831050362882
552845542536261634
552805169206157312
553146248652681217
552833658017824768
553173654121742336
552821977061556225
553538456207777792
553536532960010240
553567184002502656
552815575672836096
552846698524184576
553229808260632578
553222727700865025
552829082388660224
553587708367765504
553161360503500801
553207267685060608
553127086706397185
553157600704204800
552814213081866240
552831978522021890
553491005971132416
552838203276021760
553547629963911170
553591303582523392
553546878902861825
553201549997277185
552822739388882944
553582206019723264
552837190360006657
553124563266306048
552814280471367680
553213362713399297
552985339011153920
552845654637436928
553570681619640320
553145830761594880
552841049467400192
552790565642067968
552834558706847745
553200047417196544
553541838494515200
553215634864345088
552979275776032768
553558611306090496
552814978823385088
552838341843226624
553581668142153729
553214219899117568
553589970775343104
552817490263572480
552847488571678720
553583847850663936
552807191775043585
553542516772175873
553579715014172673
552808701065953280
553555948883959809
552850611524599808
552851546384646145
552788555584765952
552820265994829824
552817146166652928
553228537084116993
553140461540343808
552788007603142656
553145603665186816
553526776878469121
552834501383290880
552805956619628544
553116528074575872
552827008800280576
553553331671408641
553184390260338688
552802099331735552
552831705351225344
553560429910568960
553201523577331712
552835794646212608
553157600225677312
552810032765497345
552983656231628800
553173371043995648
553585596959318016
553540381187780609
552797154692300800
553101858013581313
552810477940932609
552836392678465537
553117778870169600
553195969282867202
552831460236099586
552807054268956673
552806932176977920
553469263650906112
552821570423771136
552812098057936896
552807598966059008
553146117685522433
552812188315172864
552789886202175490
553556728651210753
553096943455727617
552816233796894720
553590072373968897
553542417673367552
552849968546213888
553166907596365824
553144448452792321
553581958455123968
553163862707818496
553589860880375808
553106200242700289
553186515359379457
553516197283893248
553586959596396544
552978225010184193
553211397782654976
553582812964876288
552803792618799106
553199664720543744
553097004138913792
552819208212717568
552798200990806016
553231667523883009
552803431702749184
553226624976420864
553584868685520897
553149880693456896
552795953301045248
553164381673259008
552836586191474689
553548440563908611
553118384540643328
553590880352088064
552813155572006912
553186457121472512
553157114156560385
552810249263259649
553570370192949248
553586510260629505
553496489641902080
552820156980670464
553528740618436610
552816539175763969
553117500410716160
553480876315901953
553587816048099328
553185404657352704
552840964025626624
552800070199148544
553582251616010240
553210869010935808
553570914143854592
552826524467216385
553542208214036480
552981296839131136
553538304332017665
553514329166061568
552802011733716992
553195138156343296
553152675014246400
552829396265230336
553105208008773632
553208946350362625
553567716414484481
553589914684895232
553148970651107329
553207514222063618
552818868604129280
552850603714826241
552832738542514176
552980557836337152
552808461940301825
552786116404072448
553180236591169536
553221293298819074
553559880599359488
553572914923323392
552811772038881280
553213361350262784
553169114102247424
553472557978902529
553177822312013825
553100203239428097
552791719272775680
553517548734791680
552826580741795840
552785391653494784
552799669521481728
552827981069291520
552842837516386304
553173501369389056
553155430055440384
553103832717094912
553573066455134208
552844100224172034
553208762291339265
553180071775993857
553545782050045952
553591841996951553
552802117908697088
552839518974660608
553178341596233728
553476288103477249
553496228055777280
552791831390732289
552820025409941506
552836844560609281
553584173420920833
552805209424941058
552838613877411840
553509146730176513
553221319345844225
552833941930274816
552824742097719296
552798640679702528
553215523602046976
553124985900785666
553204986474422273
553161476928978944
553145736045801472
552834411553886209
552837499937378305
552846886626164736
553103134210666497
552980299769200640
552833236389199874
553591760668991488
552814216550563840
553214726629781505
552829571750715392
553158824979619840
553591679341842432
553551279620755458
553171741804359680
553588889084891136
553127274829328385
553566200098488320
552830966411321344
553227906449960961
553520399300833280
553209341520535552
552842761565904896
552846287314640897
552850079074099201
553193866057506817
553145034720030720
553228535511650305
553521697350234112
553589880245481472
553488850363101184
553532507623546881
553117857609809920
553194417239363584
552844436460560384
553497508970631168
553591758899412993
553216874130206721
553233414145310720
552822873773993984
553585530504749057
553230661012975618
552837310707171328
553132819237462016
553590750701551616
552829129356496896
552839190921351168
552846811359350788
553490241445965824
553164185006534656
553185825065009153
552846353416867841
553110609513177088
553592108699758592
553214783647145984
552822566726164481
552847218403581953
552849248182865920
552835301547442176
553189840913989633
553481963864993792
553553966970044416
552819983915700224
553542337553764352
553578191391301633
552825236715208707
553538523266318336
552814460193476609
553195808930410496
553137557601812480
553128548526227456
552828573896413185
552817367995002880
553145130354765824
553555156391186432
552814137857036289
552849116280393728
553466755411369985
553144889811402752
552838324977545216
552831266945794048
553511279235964928
552823427862908928
552850379453366272
552816497740251136
553214700155330560
553572111441465344
553582057537146880
553139515171557376
553100922268942336
553205427253829632
552839843999645697
552807658869493760
553591317478264832
553155289235881984
553153740925304832
553143415899451393
552984940900384769
552834623944671232
552986374765563904
552811354323963904
553165418639413248
552848704819183616
552831624283693056
553131554743287808
553232704708546561
553225359928213505
553172148085620738
552829096816693248
552844643097120768
552849194944167936
553589869810028544
552811606640721921
553540478403366912
552843349246619648
552983003308515328
553221281181859841
553163722378977282
553591093498224640
553481335948709888
553180005514366976
552828504060874752
552984798671945728
553175451506855936
552829734502297600
553227441712668672
553205115830951936
552981694979248128
552815712327454720
553220054184382465
553530513580118016
552817061203050496
553493300242432000
553584782987497474
552847035108323329
552824885484224513
552810855503757313
553582801833185280
553125301090525185
553147368913506304
553589657695715328
552848426812313600
553184451774402560
553145759961714688
552836444835037184
553486601146617856
553220369721483266
552825402872590336
553121522769219584
553140613051215873
553544039241224194
553177099843149824
553102828743716864
552833942777511937
552834842837409793
553536358950916096
552799100715167744
553108242856177664
553102562665050112
552837644959621120
552830459273809920
553195827397926912
553163344577064960
552831524002103297
553574650450825216
552837484221300736
552847505763737600
552827123963281408
552847905498103808
553531802347122689
553560769246539776
552846463467024384
553195806899970048
553174536028303360
553110751238701058
553227220765130752
553590946970206208
552830781656428544
552821573946982401
553526191399776257
552836204283326465
552839972911611904
553585840270876672
553563750230683650
553180729254113280
552817769604198400
553541601482784768
552816686752358401
552816689386373121
553115396006764544
553159439457341442
552815091331366912
552811438994378754
553143179038715904
552786340958715904
553125384246804480
553124985137815552
553147034707165185
552815017402589184
552811128326475776
552842755454799872
553181586829484034
553105942460760064
552830521340723200
553219047048105985
553537280343031808
552821282447040513
552822841541144577
552807071054184448
552813223360352256
553204399439642624
552805638024077312
552807783385800705
552832019940376576
552808669646036992
552811254667288576
553163190138580992
553589330846183425
552834182905221121
553166152344829952
552819350504493057
553201965002653696
552823829333291010
553562832001048576
553587352086384640
552829011983089664
553543467427577858
553470907629707266
552807536894947329
553162459885096962
553547659404148736
553517380995792896
553116149333114880
553231607449276416
553483707122995201
553583108105441281
553127508150071297
553553202197827584
553185716218650624
553165824979386368
552833681111658496
552791678881660928
552817391181103104
553224402012078081
553525347266740226
553187282295877632
553218281705066496
552824320389435392
552818300041052160
553186739326812161
552844104418091008
552982828963856384
552831842232324097
552817151112142848
553112230292496384
553538483474534400
553492305521672192
553231516290269184
553566829273423872
553135991083769856
553540719714271233
553147120942084096
552814845016694786
553562569169199104
552837078854410241
553589345186111488
553491924015783936
552808658510561280
552837561119686656
552804784819154944
552833527444566016
553111553235361792
552838710296080384
553580499395174400
553215305917665280
552825211654246401
552823933381394432
552792253601947648
553117423906590720
553589610014867456
553591736598269952
553131557892804609
553122276913471488
553146691344695297
553174353735872512
552840037642297345
553160213839486976
553490160344502273
553590811355795456
553127632947396609
552807832257835008
553535468290453504
552833795142209536
553114158989074432
553106869615472640
552820150345297921
553214612569456640
552822330141851649
552817785949396992
552791414388424704
552851433247477760
552815387759616000
552840067199533057
553562446456422402
553162401940770816
552978385572732928
553145236268916736
552813011803836416
553561169923829760
553590427216248832
552815293349650433
552841185199263745
553106714682462209
552982908865368064
553218083410952192
553151700950065152
553200769671761920
552824705703763969
553126517027262465
553169577228926976
552833268362772481
553157384714342400
553235360722214912
552980288394231809
553174607604482048
552806890498191361
552789550238801920
553578348111085568
552827164677373952
553204017552457728
553187683510812672
552830151650967552
553133340795363328
553545857304629248
552804769241526272
552846905819291649
552795056080691200
552802098602319873
553540131756732416
553126492579053568
553187959835725824
552841043423805440
552850725467082752
553541834975498240
552804962158514176
553218279557582849
552790695036321793
553585447235223552
552805853762699264
553468593141469184
553166766977740801
552797114863198208
553168698677030913
552816288935202817
552800290861510656
552822076676255744
552823014866563072
552818799095730176
553096978788515840
553537235463979008
552798310889566209
553164303650799616
553571541578174465
552825083941879808
553535227214438400
552847251207241728
553573166116012032
553236009081921536
553555848794877952
553588704913416192
552835221859483649
552834481183539201
552851421155299328
552841684485414914
553544078768766977
552850282410176512
552829622128500736
553208300607922177
553143017922912256
553533193899368448
552803413583360001
552836775191019520
552850533523136513
553128245420257280
553515827073261568
553497835371757568
552804175310901248
553232531827740672
553101451271352320
553108804934856704
553115926531674112
553524183594844160
553473559352606720
553225809444749313
553122359398260736
552818988468944897
553186577850335232
553205372719472640
553105121526427649
553584292090359808
553170984824733698
552978435090681856
553517080637489154
553509181446443008
552842814061424640
553480333954678784
553570818031374336
553529789794250753
552830862585503746
553109369886633984
552820384039706624
552813420136128513
553545384069328896
553543939517874176
553200726403710976
553227288859664384
552846337746952194
553187649943384064
552812140479148032
553107939926736896
552831420197261314
553487625815064576
552837527640363010
553215362058440704
552802531672588288
552835288725061635
553540824768991233
553484530804613120
553212333867012096
553144964168036352
552793409438904321
553542784800792577
553216451780554752
552816288612225024
553480257747963905
552819064301961216
552822944603582464
552822450824962048
553209232712294401
553546292748898304
552836854085459968
553151132949053440
553164722380742656
552821437678223361
553105460887572480
553113944219320320
553161458931236864
552829904396775425
553576648973377537
552789252690706432
552982816045408256
552837086425128961
553223681409703937
552845250268766209
553171877464920064
552801979861598208
552826270866616320
552845191003250688
553206096131670016
552985973445783552
552809336360419329
553185854165114882
553153190859141120
553189490521812992
553144384737525762
553465105028222976
553552772277481472
553113395487330304
552826876398292992
552805799106732032
552817711617552385
552820735513612288
552806462125506560
552813988644659200
553180503969644544
553586393189212161
552829031075553281
553177082566836225
553152208691539968
553230256992423936
552825473160736768
552793759210307584
552794286849536001
553152515701612544
553558108866637824
553216460164968449
553127546129117184
552979420227842048
553205261847236608
552804592988479488
553499806883381249
552838440103198720
552826150141960192
552827029692104706
552834229722038273
553563889104093184
552798016646942721
552848961372176384
552810884029222912
553161401733496832
553098785132670976
552823029680852992
553206989925658624
553131797379551232
552812020295532544
552822783311630336
553139573019406336
553130475032563712
553131763468603392
552837268160135169
552832584045330432
552842580929826816
552844167681159169
552982560146726912
553587542067773440
552827966950866945
552832232197746688
553191800408911872
553587920398221313
552800929519792128
553135255583219712
552805830677258240
553183420499894272
553569512269021184
552823691500072960
552982813671043072
552842342143905794
552814382338826240
553586275438301184
552812811651272705
553139285717950465
552801894092275712
552835854750605313
552978030935941120
553537740588220416
553098799380717568
552823186966855680
552835385043062784
552808135006887937
552823949311369216
553200552142983168
553200115079712768
552850116324130816
552980862774808577
553123078541434880
553131791553667072
553198268436344832
553104539898089472
552801667855695873
552787361437057024
552820575752974336
553592040374947840
553205691742425088
553148844574511104
552823940440403968
553230614712033283
553222048924049408
553506091389440000
552823198484819969
552837814946394112
553546679161745408
553148926459920386
552790598823186432
553235271169638400
552819474320359425
553153073481535489
553156573607251968
553181500104269824
552837012689264640
552978519328686080
553120849231089664
553157744061325312
553134790925619201
552819986834923520
553181997041217537
552807874192482305
552849157694947328
552841650582847488
553522808417157120
552819316702199811
552827117663436801
552836829234614272
552837147305455616
552834996265054208
552847427410341890
553586940856242178
552806610490646528
552845017208061953
552836898562265088
553160244847984640
553563356339384322
553485654030446592
553543395017510912
553479280014151681
553215929107382275
552850022271033344
552979571021447168
552828400843620353
553159773555023872
553542628097019904
553219195056693249
552789196906459136
553543032642220033
553177833686589440
552839869387399168
552807328287064065
552823108537954306
553117623568068608
552835988540895232
553195852643442688
552831197420994560
553540580912156672
552846565950627840
552985389523148802
553188974811185152
552844893148938240
552829046485434368
552844311096983552
552982124274647042
552828872379875328
553119505887395840
552823301899575296
553591494255210497
552850925510225920
552984474729062401
553519997956669440
553592023392202752
553165231275663361
553196035133440000
553555593034596352
553100279089205249
552846874432909312
553194557316542465
553112060788473856
553225828625297408
552843236797349889
553587546614427649
552839975843016706
553462249562832897
552838134627860480
553505458162782208
552838105422913538
552817675408523264
553234578086055937
552784898743099392
552812847651377153
552815122897727488
553145137086607360
552809042687819776
553592081483321346
553582465734832128
552845267289247744
553566279953842176
553538939076624384
553215658784456705
552838568717344769
553222038379180032
553193480319942656
552814317096407040
553148339160907776
553575803733426176
553156988356820992
553569333150896129
552818685526933505
553137068688543744
552824383816073216
552845868932800512
553464709899616257
552843174218321921
553575450329378816
553527807771308034
553591653647138816
553586798451257344
553503846258196480
552833148128862208
552816561514635264
552827606715076608
552794995942772736
553142344166301696
553514505633017856
552826724774592512
552847627319259137
553143905039159297
553181899662049281
552830674357334016
553497730476015617
552787914271510529
553171989385728000
553553112456499200
553196263064498176
553174789561389056
552835209285337089
553210080829906945
552831506041683970
553159409476837376
552837907174948864
552818368487911425
553175336926449664
553535765997969408
553539373707186176
552803757864787968
552984511051751425
553567732126736385
552850514132873217
553196453938855937
552818922798727168
553483906096185345
552795778922864640
553197197618339841
553583376398319617
553540934118694912
552814770542628865
553107688591089664
553189165509394432
552836975741632514
553101388926840832
552848478196736000
553200573387124736
552820533507944448
552834732325879809
553234456522522624
553541197491634176
553109319764291584
552827979093385216
552836695754678273
552839103214288896
552794514424102913
553113509152952321
553537551114706945
552829637215408128
553550888770740224
553590751888961536
553579914717577216
552837775498964992
552842642216988672
552823984358977536
552978586559188992
552822043490938881
552812399997489152
552792518870708224
553463773844238337
552796895513681920
553487356733313024
553551934251343872
552805050620604418
553184082277187585
553555432577708032
553573875528007680
553111820786204672
553223882128490496
553544336475168769
553186670871597056
552821810224304128
552848701312737280
553583670343524352
553581897792913408
553227389061582848
553531971457265664
552787878351474688
553542442373619712
553559793940447234
552786818853113857
553521417598550016
553544252563935234
553503909692841984
553540739058376704
553556844665659392
553535829529100288
552984502063337472
553573365798416385
553141087725170688
552829580579323904
553470492565602305
553541988490825728
553513403512532992
553550301886955520
553575984054951936
553478142791548928
553501773517033472
553118198741356544
552808071387701248
553542235661553665
553502311872733184
553017543330648064
553133704881917952
553130148107943937
552786361758265344
552828658747187201
552793539856588801
553586897168392192
552790824971677696
553589606307090432
553588494661337089
553479315711864832
553588178687655936
553475430897156096
552794942759010304
552821069036670976
553531343834202112
553587225901154304
552993818816299008
553486529231089664
553580959661309952
553484760233017344
553502446769942528
552978376424964097
553547836517007360
553535430788780032
552789127792717826
552805619301097472
552787231468191744
553588993993232384
553198972287082497
552799640488517632
553488824656203776
552979279039197186
553470733180223489
553103772852191233
553535221828964352
552801438821515264
553588760060125185
553480702067736578
552787544837197824
552820736490889216
553487544508493825
553588012752568321
553495922639122432
552804839886184448
553529941938425857
553472437644320769
553544419602104320
553517713147301888
553493707472011264
553530667821457408
553587735613952001
553476471470432256
552815182708494336
553590891852886019
553478289474740224
552795050502270976
552830864187727876
553589372084162560
552807834434699264
553121732387946496
552791115599192064
553588080964558849
553587861837328385
553589055116836864
552834461478715392
552802654641225728
553587672137334785
553518024272379905
552828474814398464
553556984273072128
553139203320860672
552804394727927808
553099685888790528
553160652567498752
553503184174710784
552788945017516032
552785551930454016
552785375161499649
552814494381256704
553103334626701312
552985611070881792
553137849663361024
553489393202499584
553589051044151296
552807027781947393
553505242554175489
553590529548886016
553508098825261056
553553724548059137
552784882687299584
552829386773516290
552797406094716929
553556643456507904
552808904137408512
552803839490150400
553553813542797312
552821287933202435
553587511839444994
553505858811080704
552981833189969921
553553288625672192
553576849943826432
553574501964079104
553535971959275520
552978184413921281
553588946039746560
553537939041701888
552848620375261184
552825753264717824
553591259672379392
552793551231541249
553587329626292224
553176411541098499
552784168849907712
553529334892609536
552817345887207425
552784526955806720
553535829017370625
552807210041212928
553588913747808256
553487971497041920
553537537126694912
553588374280601600
553110339236409346
553488054640340992
553549686129561600
552808620187217920
553461741917863936
553576010898497536
553587167394791424
552786016906383360
552785367972450304
553554835203956736
552834445301256192
553561452318322688
552796091255894016
552790875492073472
552815540721291265
553102901619748864
552809418417790976
553169307824177152
553563668169125889
552813549291315200
553506608203169792
553176753297162240
552791578893619200
553542565593878528
552792988376915969
553190393370923008
553515054503821312
553555979238129664
553533607126388737
553096753898323968
553575232867672064
553566026030272512
553551598954491904
552842762505428992
552837132491186179
552810448324943872
552799591255384065
553233728030650368
552791182670327808
552802606696136705
553476073703620609
552792544132997121
553534768537939968
553546029212389376
552790074166108160
553579224402235393
553550448154910720
553129559173115904
552822696195932161
553590459688570880
553470977972375553
552785695845396480
553590653784195072
553185370108878849
553475269873643520
553586781355278336
552813494345940992
553561170637238272
552982443511144448
553551286793416704
552798654495354880
553485452943302656
553557753558757376
552792913910833152
553501357156876290
552822696200142850
553535467065712640
553578029751226369
553470140042735616
553478677359775744
553164985460068352
552801880812691456
553104503520890880
553184482241814530
553531316797718528
553558385048944640
553116915325870083
553543369604210689
553528788383191040
553530558614351873
552790082533752832
553588106587545600
553477692591726592
553548567420628992
552792802309181440
552793679082311680
552783238415265792
552814767417876480
553531413459660800
553470382129565696
552798891994009601
553588340432572416
553480292498153472
552797638807281664
553481076916883456
553167429665587200
553152395371630592
553471193110421504
553589295525941248
553535441828605953
553505371290357761
552786099899494400
553123329561743361
553515399438811136
553466230989144064
553477943616634880
553493785523400704
552816600995614721
553535862911541248
552804668951511041
552978099357237248
552996335319007233
553586860334010368
553553244845522945
553186555150749696
553531695480463360
552783667052167168
553115236992290816
553553173743677440
553536887349325825
552788396733906944
552790742700417024
553529101659566080
552985855854661633
552789521646247936
553477554041257985
553544694765215745
552807528070131712
552816302780579840
553472488462901248
553144712920834048
552806937470201856
552808282398924800
553552825431883776
553546063752478722
552984916070531072
553474012446478336
553518053838061568
553524086417424384
552821475066281984
553552293371871233
552813461953323008
553141732452626432
553558513210105856
553529196216344576
553500238246608896
552791196247269378
553574345235103746
553136604882014208
553590522800275456
553486439129038848
553541676229472256
552806757672964097
553475824369012736
553474965278691330
553480082996879360
553476880339599360
552796863297236992
553529796601585664
553176929411825664
552985912901001218
552810804186460161
553589285342175232
553486796534054912
553473704060284928
553558131369062400
553541776854634496
553587303172833280
552956517197303810
552792193992519680
553587013409325058
553474232596701184
553472225798795264
552817101057318913
553551225560764416
553098571323437056
553467311261503488
553530524183326720
552792271243210754
553532980896231424
553572754746638337
552804763461775360
552795566242279424
553519375521951744
553495137314435072
552986187364065281
553474514496278528
553490238979727360
553197863971610624
552822434639126528
552816020403269632
553139825008599041
552838551071911936
552804408233193473
553589720480235522
553115168084074497
553540617540624385
553124268196642816
552983615747796994
553587511864598529
553538058440941568
553475729187680258
553221600955621376
552831881847533568
553107921081749504
552805488631758849
553212962044149761
552802128688078848
553532980871053312
552788947219533824
553474188259102720
552790371848040449
553469523945590784
553547270264979456
553555600911925249
553531781690163201
553531130163773440
553502180666531840
553558982476828674
553545906155712512
553590721207615488
553536269972942849
553585504093224962
552817965813739520
552801954733490176
552801829290270720
552832817089236992
552980261512949760
553479222434729984
552790878805168129
553468492700454912
552812682626465792
552811386259386370
553491540535156736
552830684021424128
553590835850514433
552788886355996672
552791034447794176
552978476605923328
552984347754897409
553493222052605952
552815274848964608
553476600985948160
553469733656203264
553136565296582657
553136845589319680
553536236493615104
553184958958022657
552805735885991936
552818821460148226
553557308937363458
553493510306152448
553476490315431937
553534707108155392
553554585634496512
552801958428700672
552805267990413312
552783745565347840
552794157484634112
553534838880608256
552800045096259584
552799317602615297
553536397731442688
553137946740932608
553202028575731713
553518472798683136
553589121776898048
552805596198871040
552834961762709505
553471987411324929
552806117328568321
552816932643405824
553536603998945280
552810138114195456
553152215050125313
553167814941761538
552793552376569857
553533499643547648
552790838015979520
553484365012148225
553184643055644674
552795693682032640
552795773180858368
553529935789559808
552795585095671808
552833028201144320
552982613288157184
553483415954411520
553484780093050880
553503546382249984
552791065645027328
553556060569862145
553512735192141826
553477352542707712
553216909022605312
552806309540528128
553473550523580416
552785443813457921
553188382403477505
553572740125712385
553588053348843520
552845136414380032
552799062421164032
552991544731774976
553586978017775616
553566877956734976
553473416905629696
553554351633858560
580331255570530304
581248346309922816
581260171688718336
580363156721131521
580326370640818176
580337873691533313
580324933525467136
580353697865187328
580335102313500673
580325486477357056
580322026029654018
580330591826128896
580330078682353665
580335510280892416
580332832544976896
580336394184323072
580328000400564225
580336348764065793
580351390570135552
580342917291708416
581259253429702656
581302297579425793
580361142666563584
580352417541287936
580339793122447361
580351083383517185
580330454869512192
580332990867349504
580364576560177154
580323498905702400
580336554406711297
580340423044018176
580330560331091968
580331913052852224
580331192316198912
580333759125458944
580343329096904704
580334199187644416
580333314415919104
580334729678966784
580332451353985025
581245152158728192
580336661206331392
580332532694122497
580332684905431040
580332312354693120
580331706860871680
580328132932022272
580355581254471680
580344006682505216
580340024736116736
580336782782382081
580364934011334656
580333915275165696
580337583508570112
580322102307373056
580336568419921920
580328463585841153
580359057825009664
581246782765719552
580337327677026304
581256046448111616
580332189155459072
580328582993616896
580337440738713600
580327576218046464
580342670511472640
580364889736232960
580371776619839488
581248880098086912
580336341080260608
580335608477982720
580350403734310912
580364493928181760
580399487740297216
580330690807394304
580359809041604608
580362323283615745
580332296336732160
581273151612575746
580330441854435328
580327418084364288
580329111064686592
580882906014474240
580370309884182529
580347646465949696
580331308146118656
580331071457333248
580351604831846400
580329935601958912
581325025569030145
580322332348190720
581266400192307200
581280784155353088
580329219646988289
580327611760545792
580336204186521600
580352455952732160
580328198564651008
580365755750871041
580330986220687360
580337418550775808
580323877429112832
581274572823130112
580336772128870400
580328535790907392
580338194731962368
580349419360526336
580329796527366144
581254429996920832
580886010575257601
580388756043083777
580331981130498048
580331843616133120
580329937573302272
580322653472493569
581261457725210624
580339662096605184
580329747416113152
580355192908095488
581249720376553472
580351367719591936
580398796124876800
580339310299340800
580377986941206528
580331527675998208
580338189904285697
580323992843718656
580336069192843264
580333881687195648
580333728762896384
581295422414680065
580362104110071808
580352792700821504
580337831253581824
580332255693942784
581247335998431232
580328848774045696
580359081296293888
580365806720122880
580327625626927104
580331677899202560
580328302939889664
580345253179342848
580336326634962944
580336528955691008
580337446170320896
580328029852856320
580342401392312321
581247332282306561
580328297462140928
580330104846475264
580339510883561472
580337826279124992
581256908251758592
580351758213447680
580329206158127104
580332903986524160
580353986991112192
580330161725255681
580334563932549120
580332876081811456
581253085508534272
581258486861983745
580323946899214336
580334309422161920
580359405620858880
581255457022570497
580328565255852032
580329096024047616
580350587289604097
580347051927597056
580358227713458176
580349159569539072
580338392782757888
580326978546495488
580331347752914944
580337320508919808
580346824269103105
580332380436709377
580321203757387776
580333827425439745
580353737769820160
580380219921580032
580359480782786560
580335420703170561
580330064384028673
581287723841032192
580341214098137089
580343941825953792
580355037504909312
580377378226049024
580365989780520960
580336127699087360
580330660537192448
580323152103911424
580329265251536896
580337178506584064
580351149619953664
580332232121933824
580327058158551041
580350698774241280
580343473607438336
581318271321931776
580325243631321088
580346858846822400
580335409202348032
580319983676313601
581257660118491136
580332410853789696
580354367796166656
581325197661376512
580324338865430528
580327960638521344
580333946271113216
580329153553141760
580335578069209091
580330362070540288
580331121180844032
580883100533690368
580331132878618624
580328708675887104
580357920984051712
580326744357515264
581262528107384832
580324804403818496
581286157151039488
581258923065389056
580337292838981633
581305416795103232
580346835295997952
580336849534648320
580319078155468800
581293286268129280
580325235653799936
580320161082830848
580319999887347712
580319116302647297
580330369603366913
580318020192571392
580369978546917376
580347290633838592
580344171019542528
580347361039413248
580368137796743168
580325714567806976
580371845997682688
581301336085553152
580323165068509184
580377478184755201
580352540316946432
581062604988162048
580317998147325952
580885187837325312
580319184652890113
580338165824667649
580326222107951104
580327197921120256
581293685041557504
581437061363675136
580333028624457728
581317224096387072
580319458004193280
580352532167311362
580323315614543873
580882417117958144
580320890086383616
581307361857392642
580323815261016064
580370249712697344
580356429615337472
581473088249958400
580357537083576321
581064144394285056
580320612155060224
580340476949086208
580321156508577792
581153923987206146
580333763512705025
580320645906632704
580882674413375488
580368417556992000
580352273001410560
580320267777511425
580324721381740544
580325458870460416
580883727624065024
580320825351471104
581405344288608256
580326473803767808
581357303405813760
580318210609696769
581063145256538112
580882121222434816
581315281630318593
580330721719508992
581359544682614784
581335535832039424
580883510103281665
580319651399385088
580364656608428032
580329560350183424
581303832895885312
580318717860532224
580334678340558849
581302544116379648
581061272856326145
581377529124130816
581479017770979329
580379486732066817
580335398683058176
580325043705667586
580321925265788928
580321327845765120
581064157870555136
580884605097664512
580338546856235009
580321372703985664
580322005280493568
581063730319925248
581063906682114048
581252958446329857
581394092648710144
580328617713897472
580326045238333441
580349424058175489
580882302621843456
581061914001821696
581264214809022464
580364973664309248
580353540725452800
581288928646340608
581300992194572288
580348878370828288
580347961256837120
580329875891974145
580331453889708032
580372806178881537
580333906597167104
581274406804025344
580364138020507649
580370275121938432
581386155083620352
580321317527879680
580319968484421633
580364236330762240
580885624883904512
581546828954411008
580325799078793216
580326398620934144
580324697415360512
580325090367315968
580346142183002113
580330302251393024
580326762673901568
581460720900050945
581409613913804800
580339825649291264
580320745974288384
580699430690656256
581296960830881792
580366761398239232
580350000074457088
581183387848859648
580317556516483072
581303989406314496
580884417343815680
581290271997968384
581063816882065408
580322782392762368
580706841769820160
580320329203093504
580883864521818112
580365368805486592
580333909008871424
581063957684850688
581061237783556096
580321948070240256
580336766663540736
580321169271877632
580320856561209344
580333904126742528
581295858898989056
580322346508124160
580387098039046145
580342519516512256
580347364562587649
580326012749221890
580371847335821312
580327692765151232
580322927679279105
580882701063979008
580320242020290560
580319005703069696
580347464907153408
580329455173967872
581066887200694272
580332485030125568
581063753837481984
581404604677660673
580372127125131264
580348081100734464
581063377226637312
581287795991302144
580330740086243328
581450117972144128
580327626419482624
580339547269144576
580327924978569216
581107798932631552
580885455257882624
580321844089212928
580322453928431617
580328783619579904
581047170637381632
581287108607811584
580697361799876608
581287562947395584
580357700791468032
580323456996282369
581301262269829120
580318669483413504
580331000573476865
580326807704088576
580320945740480512
580335545265627136
580322349569994752
580360165540642816
580347068457308160
580347360959717376
581063928953876480
581411131547320321
580350426278719488
580322066374721537
580319206400475136
580882341880446977
581299354431987712
580320684305416192
580326111311171584
580329886532968448
581299253743501312
580346992074842112
580331561398108160
580320964875014145
580323060533764097
580327336505176064
580332109782466561
581550667753504768
580320893668364288
581314363644121088
581132461960249344
580320995266936832
580321350750990336
580699825030754304
580346392431968257
581291208506376192
580318938996740096
580883793709547521
580350166005248000
580320856905269248
581386094337474560
580326871302316033
580320563891019776
580319856496644096
580326073776357376
581387966125248512
580324027715063808
580324985148932097
580353449721655296
524937597206790144
525069912679923712
524983828000276480
524957773810135040
524954161054756864
524996756220956672
524960277348233216
524929014621032451
524961055211286528
525012689568161792
524943658748219392
525049044201377793
524995166953033729
525035832336736257
524945225253675008
524979089787330560
524978912145985536
524937675115999232
525027958835408896
525019469983531008
525063393309630464
525069189447704576
524949897221795840
524928297986433024
524930851747164160
524976835881205760
524940940721418240
525020980037816320
524970142719963136
524956731638841344
524924660480487424
524968185016360960
524949136173694976
524938137320312832
524946753154727936
524990519777443840
524967811081195520
524933600433938432
525030165190303744
525009541671702528
524955386697515008
524923148576518144
524961016904294400
524976857822011394
524980402495430656
525044166519451648
524992063553953792
524943226948820992
524965701535412224
525070461936222208
524974900017373184
524933764330586112
525044678765187072
524981427260366848
525055967076290560
525020733622464512
524969431534153728
524981565462704129
524956415589621760
525061246702587904
524934300459077632
524977992683237376
524961561677680640
524978196589334529
524961513006964736
525018288330272768
524942687003484161
524957978806743040
525006847095615489
524968466559033345
524952808110694400
524928223499784192
524934419270742017
524958383468978176
524951456362012672
524965597793107968
525000349648949250
524950339074523137
524937114539282433
524930594950479873
524930499790131200
524991119164473344
524926528342487041
525055273816555520
524932635177795585
524958992330522624
525016728091500545
524940623594287104
525047079325155329
524966565788520448
524957554829717504
524941119403335681
524994965366382593
524995620088864768
524953530193301505
524954241547632640
524963649455407105
524981463033581568
524985046198157313
525041601890881536
525000220371734528
525033443076628480
525008469385302017
524956007324082177
524929559909916672
525046232209956865
524922499466022913
524955317201666048
524982907052765184
525040252948189186
524977767688200192
524935731148775424
524968293577158656
525040492388823041
524944610985263104
525007337724325889
524957925157384192
524944146025312256
525028955049320448
524958516822671360
524955388190662657
525045709402148864
525019265888702464
524925223226081282
524967231902318592
524955102554361856
524958250706681856
524938288277118976
524947475858472960
524979184297590784
524979756371288064
525045203648790528
524995812854489089
524965026256662528
524944537618485248
524986649315667968
525026031833718785
524958498770395137
524936881348558849
524966596897685504
524980166289002496
524961589406216192
524939821815721984
525031823504850944
524947414050816000
524947129354420225
524951696376487936
524951439417044992
524950159160250368
524947604690702336
524941272549969920
524934142958788608
524953767402553345
524964457936863232
524943615437848576
525015836226895875
524991832451981312
524952005157347328
524925600318754816
524947071770435585
525031610136014848
524965047647617024
524959715957424128
524943976902971392
525025114111635456
524949435886096385
524956168754843648
525044725926330368
525069509342683137
524973920722878464
525071809226346496
524960245509287936
524995375468249088
524962450786226176
524942802908876801
524993009440403456
524937243518312448
524939142485262337
524958741259886592
524954105471840256
524977812852461568
524982954880413696
524958238316298240
524977830124617728
524929550493712384
524955243185176576
524979279701241856
525012561214058496
524983395026497536
524998110268096513
524968330172850177
525015193425031168
524979152944779265
524960221694005248
524978422188376064
524984209505812480
525052976562712576
524955170200121344
524955850591334403
525037540508594176
524974518960652290
524957974226550784
524936931059056640
524979925343014912
524948520605069312
525019992337551360
524950395110842369
524963322525798400
524950679274942464
524922078638903296
525007169956347904
525070912199335937
525059810312847360
524959090125320193
524988555178045440
524942851944493056
524964129745174528
524927789892653056
525065123917221888
524924954287296512
525001708318240768
524939362048290817
524958173245870080
524997030536830976
524960851493924864
524936456742379520
525050193360613376
524949884143927296
524955251464736768
524944788525973505
524976313766273025
524934507892580352
525032458417610752
524947030616313856
524934897367285760
524944978288852992
524928863714168832
524985092343889920
524966946467749888
524938146119966720
524993172271665153
524975031059632128
525021050627973120
524989886483673088
524934648473079808
524946808271671297
524974566830247936
524998460848611328
524948618776944640
524948710812581888
524949028728221698
524930678983753728
524937574281121793
525059193074487296
524967572689522688
524932558275235840
524956449836130304
524949003834634240
524987150413336576
525033697045925888
524937560276344832
524950117192044544
524954313337364480
524944571256434688
524942952733220865
524980775741956097
524952322703900672
524979881525137409
524970444156571648
525005137405018112
525003253185277952
524965242213007360
524958384060366849
524930400272265216
524994218964815873
524931083797004288
524933534692442112
524941318389501953
524961070465945600
524955083297931264
524988027425554432
524965077318107137
524953569762766848
524966572277129216
524971258996588544
525022821534429185
524971165056782337
524927809773649922
525005134624215041
524964166936068097
525041399344168961
525052526593601537
525063740769972224
524946461621235712
524955385480753153
524936008870400000
524988783213547520
524938009834450945
525011747007377408
525007810871164929
525034457086959616
524973444946202624
524995942995746819
525018717038854144
524954661703680000
525012738280792065
524944178586091520
524960580944560128
524944981753356288
524974786460778497
524974135030874114
524954262657581057
524949243883425793
525006853626159105
524979548195024898
524932292406681601
524945585539776512
524963878904823808
525058578365698048
524947368865964033
524937421180653568
525012247249428482
525026973459165184
524971386838978560
524969415318982657
525070811439579138
524934004152082432
524978855531253760
524967510563889152
525048410831736832
525050632211021825
524937635698327553
525060022569422849
525066628359127041
524979702940045313
524949939755810817
524987263835721728
524957105296404480
524939347699585025
524986820850106370
524935146806738944
524956648151191553
524959390332239872
525049481679892481
524936075870228480
524945814796644352
524935906596499456
524981890567385088
524928960615186432
524948790227517440
524940803601227777
524968564306882560
524963002768842752
524939818347028480
524983236712476672
524998881676107776
524993166651318273
524958409381384192
524950321064607744
525036180379676673
524997921042071553
524967631171117056
524951948337098752
525034332474601472
525069752566575104
524999079127162880
524943638812299265
524966328734863360
524924987774631936
525068253341970432
524993612279336960
524947036228317184
524955871689052160
525026066944262144
524943804051496961
524923403183333376
525047104239333377
524964279456653312
524934090542182400
524983599851130880
524945101542678529
524979070288019456
524995776578330624
524947716393414656
525012912562536448
524973223356940288
524986210402705408
525038296921960449
524950455743291392
525068387899031552
524964278030172160
524957872296583168
524978999534317568
524935023380545537
524935943925796866
524926698165633024
524964630221705216
524979179235069952
525030331775463424
524970488590651395
524985689905967105
524953077456318464
524950203476869120
525010084003213312
525021103559696384
524984505376182272
524980483479076864
524953508978909185
524950507023245313
524956518404198400
524959778125385728
525016983646244865
524960814944747520
525053517531062272
524945095322513408
525056022046851074
524991470416461824
524940452383170560
524951279760867328
524993523746373633
524995771587108864
524924619812511746
524976929703997441
524935758143324160
524985687704338432
525039002307424256
525062993898635264
524936793633083394
525051210349289472
525022663102963712
525039242771464193
524935085863481344
524927356830760961
524955062486196224
525033778637721600
524991576163250176
524975093966209025
525021358879936512
524991452527722496
524987107081977856
524952341561491459
524993533212897281
524948866773184512
525039876366798849
525030696738652160
525034687245582337
524972443308683264
524932056560963584
525058976376193024
525027317551079424
524974779540197376
524932574909857792
524923678472286209
524947502903345153
524983325275197440
524962199543230464
524961408740380672
524971124845985792
524935345998422016
524954028287877121
524943063937208320
524990163446140928
524970731202166784
524975552638504960
525006356731166720
524940014065811456
524949733983657984
524936137589411840
524923480173981696
524962748237889536
524949069945634816
524949026064850944
524974456851410944
524947867975561216
524971492820647936
524945665827545089
524926301678096384
524961908903149568
524943132409212928
524976963862429697
524976486902951936
525049831312875521
525028171549523971
524970851675176960
524929893759737856
525001895631654912
524978172110987264
524953604717686784
525057374965739520
524930293921107969
524943886553468929
525037656820826112
525055879545380864
524953391634866176
524938433262006272
524982531075371008
524951419175309312
524935586025861121
524925050739490816
525026715123601408
524946609453678593
524950899899113473
524924346411020288
524969137660231680
524939378552864768
524984773211860994
524958599433691136
524983581983375360
524946921547628545
524981513637888000
524964223185850368
524978526974668800
524936592159698944
525025806079504385
524983403775799297
525017500061536258
524942470472548352
524951585231994880
524946179390701568
524977285133524993
524950584349454337
524951314556796929
524974975623892992
525026592788348929
524940077978640384
525024181218725888
525022700923019264
524957566502445056
524977669902172160
525039208139087872
524923610851729408
525056576038518785
524980219749597185
524979946218061824
524937542131793920
524979133366165504
524949443607412737
524931913426157568
524948264886759424
525029433632366592
524982608716120065
524955159840182272
524948264148160513
525052223030845440
524938282732642305
525030117014507523
525027873867198465
524970966842376192
525029232691650561
525010245811466240
524927288077746176
524974885362479104
524985325190656000
524975847846203393
524925730053181440
525039686931075072
524943504192311296
524944006577668096
525019752507658240
524935791794221057
524942946765131776
524966770428243968
524981436252950528
525046462460477440
524954623145431041
525027116287811584
524951625556066304
524949526487265280
525029016001318913
524954630279925760
525040509937795072
524955620538343426
524969201102901248
524950264303075328
525038096086499328
524981223291383809
524923462398513152
525047349757100034
524945170777645059
524931110279852032
524929106987991040
525020620636307456
524977321430630400
524962142563610625
525031558949134336
525033625788907520
524981689781870593
524964989975937024
525061787860103169
525002842021445632
524934827909210112
525071376084791297
524961659685588995
525023610243928064
524965165759221760
524953110285152256
525025695425380352
524929769469538305
525009850104037376
524952883343925249
524947674164760577
524958128392376320
525032520124207104
524979668282519552
524930575472136192
524923341359300608
525048557569454080
525035552643751936
524949828711620608
524966582544781313
524968205690089472
524943114885427203
524965406377664512
525023057526947840
525021083892994049
524942548066791424
524949837729787905
524957752138149888
524951893467234304
525005886272843776
525071638464049152
524981945131102211
524933657493250048
524935633463037953
525057606151602176
524996383120818176
524967376719466496
525023858831523841
525062013551001600
524949306101743616
525060425184858112
524983146266505216
524932327907270656
524949887591653376
524926472432410625
524949021744713728
524954833648771072
524983050187579393
524975705206304769
524958743000125440
524981557770350592
524925553489760256
525047767325220865
524926279309860864
525033278555033601
524925215235911680
524959630158725120
524976980799000578
524948554344054785
525070933556350977
525021132022628353
524938857180303360
525046443103354880
524957647653863424
525068915068923904
524926643325132800
524949339131904000
524947870735429632
525032872647065600
524947196131966976
524926235030589440
524942149973188608
524940716733370374
525052332116312064
525044262648676353
524980579956449281
524998906799988736
524952407625957376
524941529928839168
524947964620701696
524937330923417600
524989654995849216
524942353355005952
524924225463668738
524947416869388288
524935769614331904
525025329916948481
525023025792835585
524929796862918656
524955557686284288
524965786059026432
524948206023880704
525036214286815232
524948268355051520
524964929083023360
524969878823137280
524922729485848576
524949315245322241
524934381828603904
524923293711998976
524964948683005952
524926184069808129
524952437137092608
524928195011698688
524991067675189250
525067500447612929
524941124893700096
525041091507388416
524936966492942336
524937204552843268
524977076433321987
524953918166794240
524945676443340800
524947149134774272
525008613392515073
524935216134369281
525055052801515521
524932792925569024
524977651476623360
524952995034042368
524925124303396864
524968337747767298
525023912221212672
524956372199555072
524957429889777665
524931324763992064
524948941956448257
524932935137628160
524928119955013632
524955304199352320
524980504324358144
524953840127574016
524937968138878976
524925033626738688
524935816603107328
524961721744900097
524958227768020992
525040767317082113
524931752725585921
525025463648137216
525013278343581696
525049639016615937
524991844292521984
524927281048080385
524922507380670464
525048987649576960
524945879455653889
524967620588896256
525007664544493569
525033357722550272
524964564018790400
524944569528750080
524948703850029056
524983366261936130
524945197705461763
524957517294886912
524947744809418752
524975642379816960
525027651908800512
525030416261337089
524970097711267841
524987184836005889
524928878075457536
524940659778920448
525065430713790465
525072912957452289
524953017389707264
525045145079533568
524933380929245184
525038517844709376
524938162900967424
524926445496197120
525057025785356288
525046432085327872
524956294395224064
524943490887991296
524949439367380993
525020326816927744
524930538009006081
524974318087061504
525027539845410816
525051365195014144
524949628689461249
524950428598153216
524947971679744000
524946336190586880
524943721302089728
524938107142283264
524969144832491520
524982066564567040
524973811092193280
524987990524047361
525059348574130176
525058633730891776
524987851046658048
524969963850051584
524999488067633152
525040097272819712
524967711492014080
524949073154301952
525008463819464704
524929497205055488
524941132237910016
524931019745812480
524923676484177920
525028522361114625
524943812339437569
524933399828369409
525002243100401664
524980744658382848
524967727266398209
524972277406773248
524959836778536961
524925987239120897
525026947307700225
524976773671292928
524926768054956032
524961362448240642
524930671220105216
524927695633666049
525066876058361856
524987432656453632
525036457732231169
525067386849091584
525036240848945152
524939327399559170
524950887119482882
524969679790817280
524936365427806208
525036393983381504
524959027516932096
525058825909731328
525021697003782145
524952154482946048
524935485370929152
525024066152169473
524944637489086464
524965775036387329
524967298604359684
524936872666353664
524975142641086465
524945684966166528
524990180034609152
525040408653754368
524969483317026816
524976526891417600
524941504796962816
525029954908860417
524974106308251648
525030963781595136
524941041301225472
524994747883323392
525025279803424768
524965723672961024
524960247518330881
525023642007371776
524947424482435073
524994809912504321
524952094986350592
525035564014526464
524934941914968064
524969501704855552
525040545870385153
525044004287971329
525028734991343617
525018799347875841
524959332656349187
525003468659228672
524950404283772930
525024518713397249
524951711941922818
524982699220803586
524935246647926784
524942058042449920
524966904885428226
525011494896148480
524940030109036544
524934673760530432
524954586696933377
524988712367955970
525042177643016192
524962072262881280
525067419635576834
524966392702189569
524943012602716160
524931830173421568
525026219100995584
524941727753568257
524959809402331137
524941720249978880
524972166006464512
525029913230053377
524924034124107776
524944399890124801
524937594090844160
524944881941495809
524956383318650880
524956129017995264
525025552634494976
524944544681705472
